"Variable / Field Name","Form Name","Section Header","Field Type","Field Label","Choices, Calculations, OR Slider Labels","Field Note","Text Validation Type OR Show Slider Number","Text Validation Min","Text Validation Max",Identifier?,"Branching Logic (Show field only if...)","Required Field?","Custom Alignment","Question Number (surveys only)","Matrix Group Name","Matrix Ranking?","Field Annotation"
record_id,participant_information_sheet_informed_consent,,text,"Record ID",,,,,,,,,,,,,
prolific_id,participant_information_sheet_informed_consent,,text,,,,,,,,,,,,,," @HIDDEN-SURVEY"
prolific_study_id,participant_information_sheet_informed_consent,,text,,,,,,,,,,,,,," @HIDDEN-SURVEY"
prolific_session_id,participant_information_sheet_informed_consent,,text,,,,,,,,,,,,,," @HIDDEN-SURVEY"
consent_info_01,participant_information_sheet_informed_consent,"<div class=""rich-text-field-label""><p>Participant information</p></div>",descriptive,"<div class=""rich-text-field-label""><div class=""OutlineElement Ltr  BCX2 SCXW151831511"" style=""direction: ltr;""> <p class=""Paragraph SCXW151831511 BCX2"" style=""font-weight: normal; font-style: normal; vertical-align: baseline; background-color: transparent; color: windowtext; text-align: left; margin-left: 0px; margin-right: 0px; padding-left: 0px; padding-right: 0px; text-indent: 0px;""><span class=""TextRun SCXW151831511 BCX2"" lang=""EN-AU"" style=""font-size: 10pt; line-height: 17.2667px; font-family: Arial, Arial_EmbeddedFont, Arial_MSFontService, sans-serif; font-weight: bold;"" data-contrast=""auto""><span class=""NormalTextRun SCXW151831511 BCX2"">Dear Participant,</span></span></p> </div> <div class=""OutlineElement Ltr SCXW151831511 BCX2"" style=""direction: ltr;""> <p class=""Paragraph SCXW151831511 BCX2"" style=""font-weight: normal; font-style: normal; vertical-align: baseline; background-color: transparent; color: windowtext; margin-left: 0px; margin-right: 0px; padding-left: 0px; padding-right: 0px; text-indent: 0px; text-align: justify;""><span class=""TextRun SCXW151831511 BCX2"" lang=""EN-AU"" style=""font-size: 10pt; line-height: 17.2667px; font-family: Arial, Arial_EmbeddedFont, Arial_MSFontService, sans-serif;"" data-contrast=""auto""><span class=""NormalTextRun SCXW151831511 BCX2"">We appreciate your interest in this anonymous online survey run by the Technical University of Munich in Munich, Germany. If you are 18 years of age or older and have sufficient reading and writing skills in English, you are kindly invited to take part. Please read through this information before agreeing to participate.</span></span></p> <p class=""Paragraph SCXW151831511 BCX2"" style=""font-weight: normal; font-style: normal; vertical-align: baseline; background-color: transparent; color: windowtext; margin-left: 0px; margin-right: 0px; padding-left: 0px; padding-right: 0px; text-indent: 0px; text-align: justify;""><span class=""EOP SCXW151831511 BCX2"" style=""font-size: 10pt; line-height: 17.2667px; font-family: Arial, Arial_EmbeddedFont, Arial_MSFontService, sans-serif;"" data-ccp-props=""{"">Completing the entire survey will take <span style=""font-weight: normal;"">a maximum of 20</span> <span style=""font-weight: normal;"">minutes</span>.<span style=""color: #339966;""><br /></span></span></p> </div></div>",,,,,,,,,,,,,
consent_info_02,participant_information_sheet_informed_consent,"What is the goal of this study? ",descriptive,"<div class=""rich-text-field-label""><div class=""OutlineElement Ltr  BCX2 SCXW151831511"" style=""direction: ltr;""><span class=""EOP SCXW151831511 BCX2"" style=""font-size: 10pt; line-height: 17.2667px; font-family: Arial, Arial_EmbeddedFont, Arial_MSFontService, sans-serif; font-weight: normal;"" data-ccp-props=""{"">We would like to understand people's preferences on wearable light loggers that </span><span class=""EOP SCXW151831511 BCX2"" style=""font-size: 10pt; line-height: 17.2667px; font-family: Arial, Arial_EmbeddedFont, Arial_MSFontService, sans-serif;"" data-ccp-props=""{"">personal</span><span class=""EOP SCXW151831511 BCX2"" style=""font-size: 10pt; line-height: 17.2667px; font-family: Arial, Arial_EmbeddedFont, Arial_MSFontService, sans-serif; font-weight: normal;"" data-ccp-props=""{""> </span><span class=""EOP SCXW151831511 BCX2"" style=""font-size: 10pt; line-height: 17.2667px; font-family: Arial, Arial_EmbeddedFont, Arial_MSFontService, sans-serif;"" data-ccp-props=""{"">measure exposure to light</span><span class=""EOP SCXW151831511 BCX2"" style=""font-size: 10pt; line-height: 17.2667px; font-family: Arial, Arial_EmbeddedFont, Arial_MSFontService, sans-serif; font-weight: normal;"" data-ccp-props=""{"">. To this end, we have prepared a series designs on which we would like to ask you for your feedback.</span><span class=""EOP SCXW151831511 BCX2"" style=""font-size: 10pt; line-height: 17.2667px; font-family: Arial, Arial_EmbeddedFont, Arial_MSFontService, sans-serif; font-weight: normal;"" data-ccp-props=""{""><br /></span></div></div>",,,,,,,,,,,,,
consent_info_03,participant_information_sheet_informed_consent,"Is the survey anonymous?",descriptive,"<div class=""rich-text-field-label""><div class=""OutlineElement Ltr  BCX2 SCXW151831511"" style=""direction: ltr;""> <p class=""Paragraph SCXW151831511 BCX2"" style=""font-weight: normal; font-style: normal; vertical-align: baseline; background-color: transparent; color: windowtext; margin-left: 0px; margin-right: 0px; padding-left: 0px; padding-right: 0px; text-indent: 0px; text-align: justify;""><span class=""TextRun SCXW151831511 BCX2"" lang=""EN-GB"" style=""font-size: 10pt; line-height: 17.2667px; font-family: Arial, Arial_EmbeddedFont, Arial_MSFontService, sans-serif;"" data-contrast=""auto""><span class=""NormalTextRun SCXW151831511 BCX2"">Yes. In this </span></span><span class=""TextRun Underlined SCXW151831511 BCX2"" lang=""EN-GB"" style=""font-size: 10pt; text-decoration: underline; line-height: 17.2667px; font-family: Arial, Arial_EmbeddedFont, Arial_MSFontService, sans-serif;"" data-contrast=""auto""><span class=""NormalTextRun SCXW151831511 BCX2"">fully anonymous survey</span></span><span class=""TextRun SCXW151831511 BCX2"" lang=""EN-GB"" style=""font-size: 10pt; line-height: 17.2667px; font-family: Arial, Arial_EmbeddedFont, Arial_MSFontService, sans-serif;"" data-contrast=""auto""><span class=""NormalTextRun SCXW151831511 BCX2"">, no identifiable personal data will be collected or available (including no IP tracking). At no point will it be possible to link any survey data to a participant. Geographical information will be limited to country of residence and time zone. The survey is implemented on the </span></span><span class=""TextRun SCXW151831511 BCX2"" lang=""EN-GB"" style=""font-size: 10pt; line-height: 17.2667px; font-family: Arial, Arial_EmbeddedFont, Arial_MSFontService, sans-serif;"" data-contrast=""auto""><span class=""NormalTextRun SpellingErrorV2 SCXW151831511 BCX2"">REDCap</span></span><span class=""TextRun SCXW151831511 BCX2"" lang=""EN-GB"" style=""font-size: 10pt; line-height: 17.2667px; font-family: Arial, Arial_EmbeddedFont, Arial_MSFontService, sans-serif;"" data-contrast=""auto""><span class=""NormalTextRun SCXW151831511 BCX2""> platform hosted by the Technical University of Munich (Germany).</span></span><span class=""EOP SCXW151831511 BCX2"" style=""font-size: 10pt; line-height: 17.2667px; font-family: Arial, Arial_EmbeddedFont, Arial_MSFontService, sans-serif;"" data-ccp-props=""{}""><br /></span></p> </div></div>",,,,,,,,,,,,,
consent_info_04,participant_information_sheet_informed_consent,"How will my data be used and who will have access to my data?",descriptive,"<div class=""rich-text-field-label""><div class=""OutlineElement Ltr  BCX2 SCXW151831511"" style=""direction: ltr;""> <p class=""Paragraph SCXW151831511 BCX2"" style=""font-weight: normal; font-style: normal; vertical-align: baseline; background-color: transparent; color: windowtext; margin-left: 0px; margin-right: 0px; padding-left: 0px; padding-right: 0px; text-indent: 0px; text-align: justify;""><span class=""TextRun SCXW151831511 BCX2"" lang=""EN-GB"" style=""font-size: 10pt; line-height: 17.2667px; font-family: Arial, Arial_EmbeddedFont, Arial_MSFontService, sans-serif;"" data-contrast=""auto""><span class=""NormalTextRun SCXW151831511 BCX2"">Data will be stored and analysed in fully anonymous form on the </span></span><span class=""TextRun SCXW151831511 BCX2"" lang=""EN-GB"" style=""font-size: 10pt; line-height: 17.2667px; font-family: Arial, Arial_EmbeddedFont, Arial_MSFontService, sans-serif;"" data-contrast=""auto""><span class=""NormalTextRun SpellingErrorV2 SCXW151831511 BCX2"">REDCap</span></span><span class=""TextRun SCXW151831511 BCX2"" lang=""EN-GB"" style=""font-size: 10pt; line-height: 17.2667px; font-family: Arial, Arial_EmbeddedFont, Arial_MSFontService, sans-serif;"" data-contrast=""auto""><span class=""NormalTextRun SCXW151831511 BCX2""> platform hosted by the Technical University of Munich (Germany). Data will be downloaded from the platform and analysed by the study team. Data will be handled in accordance with the General Data Protection Regulation (GDPR). </span></span><span class=""TextRun SCXW151831511 BCX2"" lang=""EN-GB"" style=""font-size: 10pt; line-height: 17.2667px; font-family: Arial, Arial_EmbeddedFont, Arial_MSFontService, sans-serif;"" data-contrast=""auto""><span class=""NormalTextRun SCXW151831511 BCX2"">The results of this survey may be presented and published at scientific conferences, workshops and within scientific publications. Data may be shared with international collaborators.</span></span><span class=""EOP SCXW151831511 BCX2"" style=""font-size: 10pt; line-height: 17.2667px; font-family: Arial, Arial_EmbeddedFont, Arial_MSFontService, sans-serif;"" data-ccp-props=""{}""><br /></span></p> </div></div>",,,,,,,,,,,,,
consent_info_05,participant_information_sheet_informed_consent,"Do I have to take part?",descriptive,"<div class=""rich-text-field-label""><div class=""OutlineElement Ltr  BCX2 SCXW151831511"" style=""direction: ltr;""> <p class=""Paragraph SCXW151831511 BCX2"" style=""font-weight: normal; font-style: normal; vertical-align: baseline; background-color: transparent; color: windowtext; margin-left: 0px; margin-right: 0px; padding-left: 0px; padding-right: 0px; text-indent: 0px; text-align: justify;""><span class=""TextRun SCXW151831511 BCX2"" lang=""EN-AU"" style=""font-size: 10pt; line-height: 17.2667px; font-family: Arial, Arial_EmbeddedFont, Arial_MSFontService, sans-serif;"" data-contrast=""auto""><span class=""NormalTextRun SCXW151831511 BCX2"">No. Please note that participation is voluntary. If you decide to take part, you may withdraw at any point for any reason by closing the browser window or tab. </span></span><span class=""TextRun SCXW151831511 BCX2"" lang=""EN-GB"" style=""font-size: 10pt; line-height: 17.2667px; font-family: Arial, Arial_EmbeddedFont, Arial_MSFontService, sans-serif;"" data-contrast=""auto""><span class=""NormalTextRun SCXW151831511 BCX2"">Participation in the survey will not be compensated. There are no risks or benefits associated with participation, and there are also no direct advantages or disadvantages to the participant as a result of participation. </span></span><span class=""TextRun SCXW151831511 BCX2"" lang=""EN-AU"" style=""font-size: 10pt; line-height: 17.2667px; font-family: Arial, Arial_EmbeddedFont, Arial_MSFontService, sans-serif;"" data-contrast=""auto""><span class=""NormalTextRun SCXW151831511 BCX2"">Filling out the full survey is expected to take a maximum of 20 minutes,</span></span><span class=""TextRun SCXW151831511 BCX2"" lang=""EN-GB"" style=""font-size: 10pt; line-height: 17.2667px; font-family: Arial, Arial_EmbeddedFont, Arial_MSFontService, sans-serif;"" data-contrast=""auto""><span class=""NormalTextRun SCXW151831511 BCX2""> depending on reading speed.</span></span><span class=""TextRun SCXW151831511 BCX2"" lang=""EN-AU"" style=""font-size: 10pt; line-height: 17.2667px; font-family: Arial, Arial_EmbeddedFont, Arial_MSFontService, sans-serif;"" data-contrast=""auto""><span class=""NormalTextRun SCXW151831511 BCX2""> No background knowledge is required. Once you have participated in the survey, you will not be able to withdraw your data since we can no longer identify your dataset.</span></span></p> </div></div>",,,,,,,,,,,,,
consent_info_06,participant_information_sheet_informed_consent,"What type of questions are asked in the survey? ",descriptive,"<div class=""rich-text-field-label""><div class=""OutlineElement Ltr  BCX2 SCXW151831511"" style=""direction: ltr;""><span class=""TextRun SCXW151831511 BCX2"" lang=""EN-GB"" style=""font-size: 10pt; line-height: 17.2667px; font-family: Arial, Arial_EmbeddedFont, Arial_MSFontService, sans-serif;"" data-contrast=""auto""><span class=""NormalTextRun SCXW151831511 BCX2"">The study consists of an online questionnaire and will be closed upon completion. We will ask questions on the following domains:</span></span><span class=""EOP SCXW151831511 BCX2"" style=""font-size: 10pt; line-height: 17.2667px; font-family: Arial, Arial_EmbeddedFont, Arial_MSFontService, sans-serif;"" data-ccp-props=""{""> </span></div> <div class=""SCXW151831511 BCX2""> <div class=""ListContainerWrapper SCXW151831511 BCX2""> <ul style=""text-align: justify;""> <li class=""Paragraph SCXW151831511 BCX2"" style=""font-weight: normal; font-style: normal; vertical-align: baseline; background-color: transparent; color: windowtext; text-align: left; padding-left: 0px; padding-right: 0px; text-indent: 0px;""><span class=""TextRun SCXW151831511 BCX2"" lang=""EN-GB"" style=""font-size: 10pt; line-height: 17.2667px; font-family: Arial, Arial_EmbeddedFont, Arial_MSFontService, sans-serif;"" data-contrast=""auto""><span class=""NormalTextRun SCXW151831511 BCX2""><span class=""TextRun SCXW151831511 BCX2"" lang=""EN-GB"" style=""font-size: 10pt; line-height: 17.2667px; font-family: Arial, Arial_EmbeddedFont, Arial_MSFontService, sans-serif;"" data-contrast=""auto""><span class=""NormalTextRun SCXW151831511 BCX2"">Age</span></span></span></span></li> <li class=""Paragraph SCXW151831511 BCX2"" style=""font-weight: normal; font-style: normal; vertical-align: baseline; background-color: transparent; color: windowtext; text-align: left; padding-left: 0px; padding-right: 0px; text-indent: 0px;""><span class=""TextRun SCXW151831511 BCX2"" lang=""EN-GB"" style=""font-size: 10pt; line-height: 17.2667px; font-family: Arial, Arial_EmbeddedFont, Arial_MSFontService, sans-serif;"" data-contrast=""auto""><span class=""NormalTextRun SCXW151831511 BCX2"">Gender </span></span><span class=""TextRun SCXW151831511 BCX2"" lang=""EN-GB"" style=""font-size: 10pt; line-height: 17.2667px; font-family: Arial, Arial_EmbeddedFont, Arial_MSFontService, sans-serif;"" data-contrast=""auto""><span class=""NormalTextRun SCXW151831511 BCX2"">identity and </span></span><span class=""TextRun SCXW151831511 BCX2"" lang=""EN-GB"" style=""font-size: 10pt; line-height: 17.2667px; font-family: Arial, Arial_EmbeddedFont, Arial_MSFontService, sans-serif;"" data-contrast=""auto""><span class=""NormalTextRun SCXW151831511 BCX2""><span class=""TextRun SCXW151831511 BCX2"" lang=""EN-GB"" style=""font-size: 10pt; line-height: 17.2667px; font-family: Arial, Arial_EmbeddedFont, Arial_MSFontService, sans-serif;"" data-contrast=""auto""><span class=""NormalTextRun SCXW151831511 BCX2"">sex assigned at birth</span></span></span></span></li> <li class=""Paragraph SCXW151831511 BCX2"" style=""font-weight: normal; font-style: normal; vertical-align: baseline; background-color: transparent; color: windowtext; text-align: left; padding-left: 0px; padding-right: 0px; text-indent: 0px;""><span class=""TextRun SCXW151831511 BCX2"" lang=""EN-GB"" style=""font-size: 10pt; line-height: 17.2667px; font-family: Arial, Arial_EmbeddedFont, Arial_MSFontService, sans-serif;"" data-contrast=""auto""><span class=""NormalTextRun SCXW151831511 BCX2"">Professional situation</span></span></li> <li class=""Paragraph SCXW151831511 BCX2"" style=""font-weight: normal; font-style: normal; vertical-align: baseline; background-color: transparent; color: windowtext; text-align: left; padding-left: 0px; padding-right: 0px; text-indent: 0px;""><span class=""TextRun SCXW151831511 BCX2"" lang=""EN-GB"" style=""font-size: 10pt; line-height: 17.2667px; font-family: Arial, Arial_EmbeddedFont, Arial_MSFontService, sans-serif;"" data-contrast=""auto""><span class=""NormalTextRun SCXW151831511 BCX2"">Country of residence and time zone</span></span></li> <li class=""Paragraph SCXW151831511 BCX2"" style=""font-weight: normal; font-style: normal; vertical-align: baseline; background-color: transparent; color: windowtext; text-align: left; padding-left: 0px; padding-right: 0px; text-indent: 0px;""><span class=""TextRun SCXW151831511 BCX2"" lang=""EN-GB"" style=""font-size: 10pt; line-height: 17.2667px; font-family: Arial, Arial_EmbeddedFont, Arial_MSFontService, sans-serif;"" data-contrast=""auto""><span class=""NormalTextRun SCXW151831511 BCX2"">Whether English is your first language</span></span></li> <li class=""Paragraph SCXW151831511 BCX2"" style=""font-weight: normal; font-style: normal; vertical-align: baseline; background-color: transparent; color: windowtext; text-align: left; padding-left: 0px; padding-right: 0px; text-indent: 0px;"">Your views on a series of light loggers (devices that record light exposure)</li> </ul> <strong><span lang=""EN-AU"" style=""font-size: 10.0pt; font-family: 'Arial',sans-serif; mso-ansi-language: EN-AU; mso-fareast-language: DE;"">Please remember that all your answers are anonymous and cannot be traced back to you.</span></strong></div> </div></div>",,,,,,,,,,,,,
consent_info_07,participant_information_sheet_informed_consent,"Who has reviewed this study?",descriptive,"<div class=""rich-text-field-label""><div class=""SCXW151831511 BCX2""> <div class=""ListContainerWrapper SCXW151831511 BCX2""> <p class=""MsoNormal"" style=""margin-bottom: 6pt; text-align: justify;""><span lang=""EN-AU"" style=""font-size: 10pt; font-family: 'Arial', sans-serif; font-weight: normal;"">This project has been reviewed by the <a href=""https://www.ek-med-muenchen.de/index.php?lang=de"">Ethics Committee of the Technical University of Munich</a> (2022-286-W-NP). It was determined that no formal ethical approval is necessary.<br /></span></p> </div> </div></div>",,,,,,,,,,,,,
consent_info_08,participant_information_sheet_informed_consent,"Who is funding this study?",descriptive,"<div class=""rich-text-field-label""><p style=""font-weight: 400;"">There is no specific funding source for this study.</p></div>",,,,,,,,,,,,,
consent_info_09,participant_information_sheet_informed_consent,"Who can I contact if I have questions, concerns or I wish to complain?",descriptive,"<div class=""rich-text-field-label""><p style=""text-align: justify;""><span style=""font-weight: normal;"">The principal researcher of this study is</span><span style=""font-weight: normal;""> </span>Prof. Dr. Manuel Spitschan<span style=""font-weight: normal;"">.</span></p> <p style=""text-align: justify;""><span style=""font-weight: normal;"">If you wish to get in touch, please email:</span><span style=""font-weight: normal;""> <a href=""mailto:manuel.spitschan@tum.de"">manuel.spitschan@tum.de</a></span></p> <hr /> <p style=""text-align: justify;"">Our sincere thanks for your participation<span style=""font-weight: normal;""><br /><br />Manuel Spitschan, PhD</span></p></div>",,,,,,,,,,,,,
consent_info_10,participant_information_sheet_informed_consent,,descriptive,"<div class=""rich-text-field-label""><p style=""text-align: justify;"">Please note that you may only participate in this survey if you are 18 years of age or older.<br /><br /><span style=""font-weight: normal;"">If you have read the information above and agree to participate with the understanding that the anonymous data you submit will be processed accordingly, please check the relevant box below to get started.</span></p></div>",,,,,,,,,,,,,
consent_01,participant_information_sheet_informed_consent,,checkbox,"Please indicate whether you agree to take part.","1, Yes, I agree to take part.",,,,,,,y,,,,,
consent_02,participant_information_sheet_informed_consent,,checkbox,"Please confirm that this is your first time participating in the survey.","1, I am participating this survey for the first time and I affirm to provide accurate information to the best of my knowledge.",,,,,,,y,,,,,
demographics_info,your_demographic_information,"<div class=""rich-text-field-label""><p>Information about you</p></div>",descriptive,"<div class=""rich-text-field-label""><p>Instructions: <span style=""font-weight: normal;"">Please complete the below information.</span></p></div>",,,,,,,,,,,,,
demographics_age,your_demographic_information,,text,"What is your age in years?",,"Exact age in years",integer,11,99,,,y,,,,,
demographics_sex,your_demographic_information,,radio,"<div class=""rich-text-field-label""><p style=""text-align: justify;"">What is your sex?<br /><br /><span style=""font-weight: normal;"">If you're not sure how to answer, use the sex registered on your official documents, such as passport or driving licence, or whichever answer best describes your sex.</span><br /><br /></p></div>","1, Female | 2, Male | 3, Other",,,,,,,y,,,,,
demographics_gender,your_demographic_information,,yesno,"<div class=""rich-text-field-label""><p style=""text-align: justify;"">Is your gender the same as the sex you were registered at birth?<br /><br /><span style=""font-weight: normal;"">If your gender is not the same as the sex recorded on your birth certificate when you were born (for example, you are transgender or non-binary), tick ""No"".</span><br /><br /><span style=""font-weight: normal;"">If you answered no, please enter the term you use to describe your gender in the following text box.</span><br /><br /></p></div>",,"This is also voluntary, so you can leave it blank if you prefer.",,,,,,,,,,,
demographics_gender_text,your_demographic_information,,notes,"Please enter your gender:",,,,,,,"[demographics_gender] = '0'",,,,,,
demographics_language,your_demographic_information,,yesno,"Are you a native speaker of English?",,,,,,,,y,,,,,
demographics_tz,your_demographic_information,,dropdown,"Please select your country of residence and time zone:","1, Aland Islands - Europe/Mariehamn (UTC +02:00) | 2, Afghanistan - Asia/Kabul (UTC +04:30) | 3, Albania - Europe/Tirane (UTC +01:00) | 4, Algeria - Africa/Algiers (UTC +01:00) | 5, American Samoa - Pacific/Pago_Pago (UTC -11:00) | 6, Andorra - Europe/Andorra (UTC +01:00) | 7, Angola - Africa/Luanda (UTC +01:00) | 8, Anguilla - America/Anguilla (UTC -04:00) | 9, Antarctica - Antarctica/Casey (UTC +11:00) | 10, Antarctica - Antarctica/Davis (UTC +07:00) | 11, Antarctica - Antarctica/DumontDUrville (UTC +10:00) | 12, Antarctica - Antarctica/Mawson (UTC +05:00) | 13, Antarctica - Antarctica/McMurdo (UTC +13:00) | 14, Antarctica - Antarctica/Palmer (UTC -03:00) | 15, Antarctica - Antarctica/Rothera (UTC -03:00) | 16, Antarctica - Antarctica/Syowa (UTC +03:00) | 17, Antarctica - Antarctica/Troll (UTC) | 18, Antarctica - Antarctica/Vostok (UTC +06:00) | 19, Antigua and Barbuda - America/Antigua (UTC -04:00) | 20, Argentina - America/Argentina/Buenos_Aires (UTC -03:00) | 21, Argentina - America/Argentina/Catamarca (UTC -03:00) | 22, Argentina - America/Argentina/Cordoba (UTC -03:00) | 23, Argentina - America/Argentina/Jujuy (UTC -03:00) | 24, Argentina - America/Argentina/La_Rioja (UTC -03:00) | 25, Argentina - America/Argentina/Mendoza (UTC -03:00) | 26, Argentina - America/Argentina/Rio_Gallegos (UTC -03:00) | 27, Argentina - America/Argentina/Salta (UTC -03:00) | 28, Argentina - America/Argentina/San_Juan (UTC -03:00) | 29, Argentina - America/Argentina/San_Luis (UTC -03:00) | 30, Argentina - America/Argentina/Tucuman (UTC -03:00) | 31, Argentina - America/Argentina/Ushuaia (UTC -03:00) | 32, Armenia - Asia/Yerevan (UTC +04:00) | 33, Aruba - America/Aruba (UTC -04:00) | 34, Australia - Antarctica/Macquarie (UTC +11:00) | 35, Australia - Australia/Adelaide (UTC +10:30) | 36, Australia - Australia/Brisbane (UTC +10:00) | 37, Australia - Australia/Broken_Hill (UTC +10:30) | 38, Australia - Australia/Currie (UTC +11:00) | 39, Australia - Australia/Darwin (UTC +09:30) | 40, Australia - Australia/Eucla (UTC +08:45) | 41, Australia - Australia/Hobart (UTC +11:00) | 42, Australia - Australia/Lindeman (UTC +10:00) | 43, Australia - Australia/Lord_Howe (UTC +11:00) | 44, Australia - Australia/Melbourne (UTC +11:00) | 45, Australia - Australia/Perth (UTC +08:00) | 46, Australia - Australia/Sydney (UTC +11:00) | 47, Austria - Europe/Vienna (UTC +01:00) | 48, Azerbaijan - Asia/Baku (UTC +04:00) | 49, Bahamas - America/Nassau (UTC -04:00) | 50, Bahrain - Asia/Bahrain (UTC +03:00) | 51, Bangladesh - Asia/Dhaka (UTC +06:00) | 52, Barbados - America/Barbados (UTC -04:00) | 53, Belarus - Europe/Minsk (UTC +03:00) | 54, Belgium - Europe/Brussels (UTC +01:00) | 55, Belize - America/Belize (UTC -06:00) | 56, Benin - Africa/Porto-Novo (UTC +01:00) | 57, Bermuda - Atlantic/Bermuda (UTC -03:00) | 58, Bhutan - Asia/Thimphu (UTC +06:00),Plurinational State of - America/La_Paz (UTC -04:00) | 59, Bolivia,Sint Eustatius and Saba - America/Kralendijk (UTC -04:00) | 60, Bonaire | 61, Bosnia and Herzegovina - Europe/Sarajevo (UTC +01:00) | 62, Botswana - Africa/Gaborone (UTC +02:00) | 63, Brazil - America/Araguaina (UTC -03:00) | 64, Brazil - America/Bahia (UTC -03:00) | 65, Brazil - America/Belem (UTC -03:00) | 66, Brazil - America/Boa_Vista (UTC -04:00) | 67, Brazil - America/Campo_Grande (UTC -04:00) | 68, Brazil - America/Cuiaba (UTC -04:00) | 69, Brazil - America/Eirunepe (UTC -05:00) | 70, Brazil - America/Fortaleza (UTC -03:00) | 71, Brazil - America/Maceio (UTC -03:00) | 72, Brazil - America/Manaus (UTC -04:00) | 73, Brazil - America/Noronha (UTC -02:00) | 74, Brazil - America/Porto_Velho (UTC -04:00) | 75, Brazil - America/Recife (UTC -03:00) | 76, Brazil - America/Rio_Branco (UTC -05:00) | 77, Brazil - America/Santarem (UTC -03:00) | 78, Brazil - America/Sao_Paulo (UTC -03:00) | 79, British Indian Ocean Territory - Indian/Chagos (UTC +06:00) | 80, Brunei Darussalam - Asia/Brunei (UTC +08:00) | 81, Bulgaria - Europe/Sofia (UTC +02:00) | 82, Burkina Faso - Africa/Ouagadougou (UTC) | 83, Burundi - Africa/Bujumbura (UTC +02:00) | 84, Cambodia - Asia/Phnom_Penh (UTC +07:00) | 85, Cameroon - Africa/Douala (UTC +01:00) | 86, Canada - America/Atikokan (UTC -05:00) | 87, Canada - America/Blanc-Sablon (UTC -04:00) | 88, Canada - America/Cambridge_Bay (UTC -06:00) | 89, Canada - America/Creston (UTC -07:00) | 90, Canada - America/Dawson (UTC -07:00) | 91, Canada - America/Dawson_Creek (UTC -07:00) | 92, Canada - America/Edmonton (UTC -06:00) | 93, Canada - America/Fort_Nelson (UTC -07:00) | 94, Canada - America/Glace_Bay (UTC -03:00) | 95, Canada - America/Goose_Bay (UTC -03:00) | 96, Canada - America/Halifax (UTC -03:00) | 97, Canada - America/Inuvik (UTC -06:00) | 98, Canada - America/Iqaluit (UTC -04:00) | 99, Canada - America/Moncton (UTC -03:00) | 100, Canada - America/Nipigon (UTC -04:00) | 101, Canada - America/Pangnirtung (UTC -04:00) | 102, Canada - America/Rainy_River (UTC -05:00) | 103, Canada - America/Rankin_Inlet (UTC -05:00) | 104, Canada - America/Regina (UTC -06:00) | 105, Canada - America/Resolute (UTC -05:00) | 106, Canada - America/St_Johns (UTC -02:30) | 107, Canada - America/Swift_Current (UTC -06:00) | 108, Canada - America/Thunder_Bay (UTC -04:00) | 109, Canada - America/Toronto (UTC -04:00) | 110, Canada - America/Vancouver (UTC -07:00) | 111, Canada - America/Whitehorse (UTC -07:00) | 112, Canada - America/Winnipeg (UTC -05:00) | 113, Canada - America/Yellowknife (UTC -06:00) | 114, Cape Verde - Atlantic/Cape_Verde (UTC -01:00) | 115, Cayman Islands - America/Cayman (UTC -05:00) | 116, Central African Republic - Africa/Bangui (UTC +01:00) | 117, Chad - Africa/Ndjamena (UTC +01:00) | 118, Chile - America/Punta_Arenas (UTC -03:00) | 119, Chile - America/Santiago (UTC -03:00) | 120, Chile - Pacific/Easter (UTC -05:00) | 121, China - Asia/Shanghai (UTC +08:00) | 122, China - Asia/Urumqi (UTC +06:00) | 123, Christmas Island - Indian/Christmas (UTC +07:00) | 124, Cocos (Keeling) Islands - Indian/Cocos (UTC +06:30) | 125, Colombia - America/Bogota (UTC -05:00) | 126, Comoros - Indian/Comoro (UTC +03:00) | 127, Congo - Africa/Brazzaville (UTC +01:00),the Democratic Republic of the - Africa/Kinshasa (UTC +01:00) | 128, Congo,the Democratic Republic of the - Africa/Lubumbashi (UTC +02:00) | 129, Congo | 130, Cook Islands - Pacific/Rarotonga (UTC -10:00) | 131, Costa Rica - America/Costa_Rica (UTC -06:00) | 132, Croatia - Europe/Zagreb (UTC +01:00) | 133, Cuba - America/Havana (UTC -04:00) | 134, Curaçao - America/Curacao (UTC -04:00) | 135, Cyprus - Asia/Famagusta (UTC +02:00) | 136, Cyprus - Asia/Nicosia (UTC +02:00) | 137, Czech Republic - Europe/Prague (UTC +01:00) | 138, Côte d'Ivoire - Africa/Abidjan (UTC) | 139, Denmark - Europe/Copenhagen (UTC +01:00) | 140, Djibouti - Africa/Djibouti (UTC +03:00) | 141, Dominica - America/Dominica (UTC -04:00) | 142, Dominican Republic - America/Santo_Domingo (UTC -04:00) | 143, Ecuador - America/Guayaquil (UTC -05:00) | 144, Ecuador - Pacific/Galapagos (UTC -06:00) | 145, Egypt - Africa/Cairo (UTC +02:00) | 146, El Salvador - America/El_Salvador (UTC -06:00) | 147, Equatorial Guinea - Africa/Malabo (UTC +01:00) | 148, Eritrea - Africa/Asmara (UTC +03:00) | 149, Estonia - Europe/Tallinn (UTC +02:00) | 150, Ethiopia - Africa/Addis_Ababa (UTC +03:00) | 151, Falkland Islands (Malvinas) - Atlantic/Stanley (UTC -03:00) | 152, Faroe Islands - Atlantic/Faroe (UTC) | 153, Fiji - Pacific/Fiji (UTC +12:00) | 154, Finland - Europe/Helsinki (UTC +02:00) | 155, France - Europe/Paris (UTC +01:00) | 156, French Guiana - America/Cayenne (UTC -03:00) | 157, French Polynesia - Pacific/Gambier (UTC -09:00) | 158, French Polynesia - Pacific/Marquesas (UTC -09:30) | 159, French Polynesia - Pacific/Tahiti (UTC -10:00) | 160, French Southern Territories - Indian/Kerguelen (UTC +05:00) | 161, Gabon - Africa/Libreville (UTC +01:00) | 162, Gambia - Africa/Banjul (UTC) | 163, Georgia - Asia/Tbilisi (UTC +04:00) | 164, Germany - Europe/Berlin (UTC +01:00) | 165, Germany - Europe/Busingen (UTC +01:00) | 166, Ghana - Africa/Accra (UTC) | 167, Gibraltar - Europe/Gibraltar (UTC +01:00) | 168, Greece - Europe/Athens (UTC +02:00) | 169, Greenland - America/Danmarkshavn (UTC) | 170, Greenland - America/Nuuk (UTC -03:00) | 171, Greenland - America/Scoresbysund (UTC -01:00) | 172, Greenland - America/Thule (UTC -03:00) | 173, Grenada - America/Grenada (UTC -04:00) | 174, Guadeloupe - America/Guadeloupe (UTC -04:00) | 175, Guam - Pacific/Guam (UTC +10:00) | 176, Guatemala - America/Guatemala (UTC -06:00) | 177, Guernsey - Europe/Guernsey (UTC) | 178, Guinea - Africa/Conakry (UTC) | 179, Guinea-Bissau - Africa/Bissau (UTC) | 180, Guyana - America/Guyana (UTC -04:00) | 181, Haiti - America/Port-au-Prince (UTC -04:00) | 182, Holy See (Vatican City State) - Europe/Vatican (UTC +01:00) | 183, Honduras - America/Tegucigalpa (UTC -06:00) | 184, Hong Kong - Asia/Hong_Kong (UTC +08:00) | 185, Hungary - Europe/Budapest (UTC +01:00) | 186, Iceland - Atlantic/Reykjavik (UTC) | 187, India - Asia/Kolkata (UTC +05:30) | 188, Indonesia - Asia/Jakarta (UTC +07:00) | 189, Indonesia - Asia/Jayapura (UTC +09:00) | 190, Indonesia - Asia/Makassar (UTC +08:00) | 191, Indonesia - Asia/Pontianak (UTC +07:00),Islamic Republic of - Asia/Tehran (UTC +03:30) | 192, Iran | 193, Iraq - Asia/Baghdad (UTC +03:00) | 194, Ireland - Europe/Dublin (UTC) | 195, Isle of Man - Europe/Isle_of_Man (UTC) | 196, Israel - Asia/Jerusalem (UTC +02:00) | 197, Italy - Europe/Rome (UTC +01:00) | 198, Jamaica - America/Jamaica (UTC -05:00) | 199, Japan - Asia/Tokyo (UTC +09:00) | 200, Jersey - Europe/Jersey (UTC) | 201, Jordan - Asia/Amman (UTC +03:00) | 202, Kazakhstan - Asia/Almaty (UTC +06:00) | 203, Kazakhstan - Asia/Aqtau (UTC +05:00) | 204, Kazakhstan - Asia/Aqtobe (UTC +05:00) | 205, Kazakhstan - Asia/Atyrau (UTC +05:00) | 206, Kazakhstan - Asia/Oral (UTC +05:00) | 207, Kazakhstan - Asia/Qostanay (UTC +06:00) | 208, Kazakhstan - Asia/Qyzylorda (UTC +05:00) | 209, Kenya - Africa/Nairobi (UTC +03:00) | 210, Kiribati - Pacific/Enderbury (UTC +13:00) | 211, Kiribati - Pacific/Kiritimati (UTC +14:00) | 212, Kiribati - Pacific/Tarawa (UTC +12:00),Democratic People's Republic of - Asia/Pyongyang (UTC +09:00) | 213, Korea,Republic of - Asia/Seoul (UTC +09:00) | 214, Korea | 215, Kuwait - Asia/Kuwait (UTC +03:00) | 216, Kyrgyzstan - Asia/Bishkek (UTC +06:00) | 217, Lao People's Democratic Republic - Asia/Vientiane (UTC +07:00) | 218, Latvia - Europe/Riga (UTC +02:00) | 219, Lebanon - Asia/Beirut (UTC +02:00) | 220, Lesotho - Africa/Maseru (UTC +02:00) | 221, Liberia - Africa/Monrovia (UTC) | 222, Libya - Africa/Tripoli (UTC +02:00) | 223, Liechtenstein - Europe/Vaduz (UTC +01:00) | 224, Lithuania - Europe/Vilnius (UTC +02:00) | 225, Luxembourg - Europe/Luxembourg (UTC +01:00) | 226, Macao - Asia/Macau (UTC +08:00),the Former Yugoslav Republic of - Europe/Skopje (UTC +01:00) | 227, Macedonia | 228, Madagascar - Indian/Antananarivo (UTC +03:00) | 229, Malawi - Africa/Blantyre (UTC +02:00) | 230, Malaysia - Asia/Kuala_Lumpur (UTC +08:00) | 231, Malaysia - Asia/Kuching (UTC +08:00) | 232, Maldives - Indian/Maldives (UTC +05:00) | 233, Mali - Africa/Bamako (UTC) | 234, Malta - Europe/Malta (UTC +01:00) | 235, Marshall Islands - Pacific/Kwajalein (UTC +12:00) | 236, Marshall Islands - Pacific/Majuro (UTC +12:00) | 237, Martinique - America/Martinique (UTC -04:00) | 238, Mauritania - Africa/Nouakchott (UTC) | 239, Mauritius - Indian/Mauritius (UTC +04:00) | 240, Mayotte - Indian/Mayotte (UTC +03:00) | 241, Mexico - America/Bahia_Banderas (UTC -06:00) | 242, Mexico - America/Cancun (UTC -05:00) | 243, Mexico - America/Chihuahua (UTC -07:00) | 244, Mexico - America/Hermosillo (UTC -07:00) | 245, Mexico - America/Matamoros (UTC -05:00) | 246, Mexico - America/Mazatlan (UTC -07:00) | 247, Mexico - America/Merida (UTC -06:00) | 248, Mexico - America/Mexico_City (UTC -06:00) | 249, Mexico - America/Monterrey (UTC -06:00) | 250, Mexico - America/Ojinaga (UTC -06:00) | 251, Mexico - America/Tijuana (UTC -07:00),Federated States of - Pacific/Chuuk (UTC +10:00) | 252, Micronesia,Federated States of - Pacific/Kosrae (UTC +11:00) | 253, Micronesia,Federated States of - Pacific/Pohnpei (UTC +11:00) | 254, Micronesia,Republic of - Europe/Chisinau (UTC +02:00) | 255, Moldova | 256, Monaco - Europe/Monaco (UTC +01:00) | 257, Mongolia - Asia/Choibalsan (UTC +08:00) | 258, Mongolia - Asia/Hovd (UTC +07:00) | 259, Mongolia - Asia/Ulaanbaatar (UTC +08:00) | 260, Montenegro - Europe/Podgorica (UTC +01:00) | 261, Montserrat - America/Montserrat (UTC -04:00) | 262, Morocco - Africa/Casablanca (UTC +01:00) | 263, Mozambique - Africa/Maputo (UTC +02:00) | 264, Myanmar - Asia/Yangon (UTC +06:30) | 265, Namibia - Africa/Windhoek (UTC +02:00) | 266, Nauru - Pacific/Nauru (UTC +12:00) | 267, Nepal - Asia/Kathmandu (UTC +05:45) | 268, Netherlands - Europe/Amsterdam (UTC +01:00) | 269, New Caledonia - Pacific/Noumea (UTC +11:00) | 270, New Zealand - Pacific/Auckland (UTC +13:00) | 271, New Zealand - Pacific/Chatham (UTC +13:45) | 272, Nicaragua - America/Managua (UTC -06:00) | 273, Niger - Africa/Niamey (UTC +01:00) | 274, Nigeria - Africa/Lagos (UTC +01:00) | 275, Niue - Pacific/Niue (UTC -11:00) | 276, Norfolk Island - Pacific/Norfolk (UTC +12:00) | 277, Northern Mariana Islands - Pacific/Saipan (UTC +10:00) | 278, Norway - Europe/Oslo (UTC +01:00) | 279, Oman - Asia/Muscat (UTC +04:00) | 280, Pakistan - Asia/Karachi (UTC +05:00) | 281, Palau - Pacific/Palau (UTC +09:00),State of - Asia/Gaza (UTC +02:00) | 282, Palestine,State of - Asia/Hebron (UTC +02:00) | 283, Palestine | 284, Panama - America/Panama (UTC -05:00) | 285, Papua New Guinea - Pacific/Bougainville (UTC +11:00) | 286, Papua New Guinea - Pacific/Port_Moresby (UTC +10:00) | 287, Paraguay - America/Asuncion (UTC -03:00) | 288, Peru - America/Lima (UTC -05:00) | 289, Philippines - Asia/Manila (UTC +08:00) | 290, Pitcairn - Pacific/Pitcairn (UTC -08:00) | 291, Poland - Europe/Warsaw (UTC +01:00) | 292, Portugal - Atlantic/Azores (UTC -01:00) | 293, Portugal - Atlantic/Madeira (UTC) | 294, Portugal - Europe/Lisbon (UTC) | 295, Puerto Rico - America/Puerto_Rico (UTC -04:00) | 296, Qatar - Asia/Qatar (UTC +03:00) | 297, Romania - Europe/Bucharest (UTC +02:00) | 298, Russian Federation - Asia/Anadyr (UTC +12:00) | 299, Russian Federation - Asia/Barnaul (UTC +07:00) | 300, Russian Federation - Asia/Chita (UTC +09:00) | 301, Russian Federation - Asia/Irkutsk (UTC +08:00) | 302, Russian Federation - Asia/Kamchatka (UTC +12:00) | 303, Russian Federation - Asia/Khandyga (UTC +09:00) | 304, Russian Federation - Asia/Krasnoyarsk (UTC +07:00) | 305, Russian Federation - Asia/Magadan (UTC +11:00) | 306, Russian Federation - Asia/Novokuznetsk (UTC +07:00) | 307, Russian Federation - Asia/Novosibirsk (UTC +07:00) | 308, Russian Federation - Asia/Omsk (UTC +06:00) | 309, Russian Federation - Asia/Sakhalin (UTC +11:00) | 310, Russian Federation - Asia/Srednekolymsk (UTC +11:00) | 311, Russian Federation - Asia/Tomsk (UTC +07:00) | 312, Russian Federation - Asia/Ust-Nera (UTC +10:00) | 313, Russian Federation - Asia/Vladivostok (UTC +10:00) | 314, Russian Federation - Asia/Yakutsk (UTC +09:00) | 315, Russian Federation - Asia/Yekaterinburg (UTC +05:00) | 316, Russian Federation - Europe/Astrakhan (UTC +04:00) | 317, Russian Federation - Europe/Kaliningrad (UTC +02:00) | 318, Russian Federation - Europe/Kirov (UTC +03:00) | 319, Russian Federation - Europe/Moscow (UTC +03:00) | 320, Russian Federation - Europe/Samara (UTC +04:00) | 321, Russian Federation - Europe/Saratov (UTC +04:00) | 322, Russian Federation - Europe/Ulyanovsk (UTC +04:00) | 323, Russian Federation - Europe/Volgograd (UTC +04:00) | 324, Rwanda - Africa/Kigali (UTC +02:00) | 325, Réunion - Indian/Reunion (UTC +04:00) | 326, Saint Barthélemy - America/St_Barthelemy (UTC -04:00),Ascension and Tristan da Cunha - Atlantic/St_Helena (UTC) | 327, Saint Helena | 328, Saint Kitts and Nevis - America/St_Kitts (UTC -04:00) | 329, Saint Lucia - America/St_Lucia (UTC -04:00) | 330, Saint Martin (French part) - America/Marigot (UTC -04:00) | 331, Saint Pierre and Miquelon - America/Miquelon (UTC -02:00) | 332, Saint Vincent and the Grenadines - America/St_Vincent (UTC -04:00) | 333, Samoa - Pacific/Apia (UTC +14:00) | 334, San Marino - Europe/San_Marino (UTC +01:00) | 335, Sao Tome and Principe - Africa/Sao_Tome (UTC) | 336, Saudi Arabia - Asia/Riyadh (UTC +03:00) | 337, Senegal - Africa/Dakar (UTC) | 338, Serbia - Europe/Belgrade (UTC +01:00) | 339, Seychelles - Indian/Mahe (UTC +04:00) | 340, Sierra Leone - Africa/Freetown (UTC) | 341, Singapore - Asia/Singapore (UTC +08:00) | 342, Sint Maarten (Dutch part) - America/Lower_Princes (UTC -04:00) | 343, Slovakia - Europe/Bratislava (UTC +01:00) | 344, Slovenia - Europe/Ljubljana (UTC +01:00) | 345, Solomon Islands - Pacific/Guadalcanal (UTC +11:00) | 346, Somalia - Africa/Mogadishu (UTC +03:00) | 347, South Africa - Africa/Johannesburg (UTC +02:00) | 348, South Georgia and the South Sandwich Islands - Atlantic/South_Georgia (UTC -02:00) | 349, South Sudan - Africa/Juba (UTC +03:00) | 350, Spain - Africa/Ceuta (UTC +01:00) | 351, Spain - Atlantic/Canary (UTC) | 352, Spain - Europe/Madrid (UTC +01:00) | 353, Sri Lanka - Asia/Colombo (UTC +05:30) | 354, Sudan - Africa/Khartoum (UTC +02:00) | 355, Suriname - America/Paramaribo (UTC -03:00) | 356, Svalbard and Jan Mayen - Arctic/Longyearbyen (UTC +01:00) | 357, Swaziland - Africa/Mbabane (UTC +02:00) | 358, Sweden - Europe/Stockholm (UTC +01:00) | 359, Switzerland - Europe/Zurich (UTC +01:00) | 360, Syrian Arab Republic - Asia/Damascus (UTC +03:00),Province of China - Asia/Taipei (UTC +08:00) | 361, Taiwan | 362, Tajikistan - Asia/Dushanbe (UTC +05:00),United Republic of - Africa/Dar_es_Salaam (UTC +03:00) | 363, Tanzania | 364, Thailand - Asia/Bangkok (UTC +07:00) | 365, Timor-Leste - Asia/Dili (UTC +09:00) | 366, Togo - Africa/Lome (UTC) | 367, Tokelau - Pacific/Fakaofo (UTC +13:00) | 368, Tonga - Pacific/Tongatapu (UTC +13:00) | 369, Trinidad and Tobago - America/Port_of_Spain (UTC -04:00) | 370, Tunisia - Africa/Tunis (UTC +01:00) | 371, Turkey - Europe/Istanbul (UTC +03:00) | 372, Turkmenistan - Asia/Ashgabat (UTC +05:00) | 373, Turks and Caicos Islands - America/Grand_Turk (UTC -04:00) | 374, Tuvalu - Pacific/Funafuti (UTC +12:00) | 375, Uganda - Africa/Kampala (UTC +03:00) | 376, Ukraine - Europe/Kiev (UTC +02:00) | 377, Ukraine - Europe/Simferopol (UTC +03:00) | 378, Ukraine - Europe/Uzhgorod (UTC +02:00) | 379, Ukraine - Europe/Zaporozhye (UTC +02:00) | 380, United Arab Emirates - Asia/Dubai (UTC +04:00) | 381, United Kingdom - Europe/London (UTC) | 382, United States - America/Adak (UTC -09:00) | 383, United States - America/Anchorage (UTC -08:00) | 384, United States - America/Boise (UTC -06:00) | 385, United States - America/Chicago (UTC -05:00) | 386, United States - America/Denver (UTC -06:00) | 387, United States - America/Detroit (UTC -04:00) | 388, United States - America/Indiana/Indianapolis (UTC -04:00) | 389, United States - America/Indiana/Knox (UTC -05:00) | 390, United States - America/Indiana/Marengo (UTC -04:00) | 391, United States - America/Indiana/Petersburg (UTC -04:00) | 392, United States - America/Indiana/Tell_City (UTC -05:00) | 393, United States - America/Indiana/Vevay (UTC -04:00) | 394, United States - America/Indiana/Vincennes (UTC -04:00) | 395, United States - America/Indiana/Winamac (UTC -04:00) | 396, United States - America/Juneau (UTC -08:00) | 397, United States - America/Kentucky/Louisville (UTC -04:00) | 398, United States - America/Kentucky/Monticello (UTC -04:00) | 399, United States - America/Los_Angeles (UTC -07:00) | 400, United States - America/Menominee (UTC -05:00) | 401, United States - America/Metlakatla (UTC -08:00) | 402, United States - America/New_York (UTC -04:00) | 403, United States - America/Nome (UTC -08:00) | 404, United States - America/North_Dakota/Beulah (UTC -05:00) | 405, United States - America/North_Dakota/Center (UTC -05:00) | 406, United States - America/North_Dakota/New_Salem (UTC -05:00) | 407, United States - America/Phoenix (UTC -07:00) | 408, United States - America/Sitka (UTC -08:00) | 409, United States - America/Yakutat (UTC -08:00) | 410, United States - Pacific/Honolulu (UTC -10:00) | 411, United States Minor Outlying Islands - Pacific/Midway (UTC -11:00) | 412, United States Minor Outlying Islands - Pacific/Wake (UTC +12:00) | 413, Uruguay - America/Montevideo (UTC -03:00) | 414, Uzbekistan - Asia/Samarkand (UTC +05:00) | 415, Uzbekistan - Asia/Tashkent (UTC +05:00) | 416, Vanuatu - Pacific/Efate (UTC +11:00),Bolivarian Republic of - America/Caracas (UTC -04:00) | 417, Venezuela | 418, Viet Nam - Asia/Ho_Chi_Minh (UTC +07:00),British - America/Tortola (UTC -04:00) | 419, Virgin Islands,U.S. - America/St_Thomas (UTC -04:00) | 420, Virgin Islands | 421, Wallis and Futuna - Pacific/Wallis (UTC +12:00) | 422, Western Sahara - Africa/El_Aaiun (UTC +01:00) | 423, Yemen - Asia/Aden (UTC +03:00) | 424, Zambia - Africa/Lusaka (UTC +02:00) | 425, Zimbabwe - Africa/Harare (UTC +02:00)",,,,,,,y,,,,,
demographics_occupation,your_demographic_information,,radio,"<div class=""rich-text-field-label""><p>What best describes your current occupational situation?</p> <p style=""text-align: justify;""><span style=""font-weight: normal;"">If you are a pupil, student, or similar, tick ""In education"".</span></p> <p style=""text-align: justify;""><span style=""font-weight: normal;"">If you are an apprentice or similar, tick ""In training"".</span></p> <p style=""text-align: justify;""><span style=""font-weight: normal;"">Medical reasons or parental leave can be reasons for being ""employed but not currently working"".</span></p></div>","1, In education | 2, In training | 3, Part-time working | 4, Full-time working | 5, Employed but not currently working | 6, Retired | 7, Unemployed",,,,,,,y,,,,,
attentioncheck_01,your_demographic_information,,text,"We want to make sure you are paying attention. What is 4+5?",,,integer,,,,,y,,,,,
design_image,template,,descriptive,"<div class=""rich-text-field-label""><p><img src=""https://tuspl22-redcap.srv.mwn.de/redcap/redcap_v13.4.13/DataEntry/image_view.php?pid=309&id=6939&doc_id_hash=03ca54e0a8e64b03ec2613e2928390ac1be5eaf4"" alt="""" width=""500"" height=""496"" /></p></div>",,,,,,,,,,,,,
design_info,template,,descriptive,"<div class=""rich-text-field-label""><p>Consider this design for a light logger, a device for measuring how much light exposure you are receiving throughout the idea.</p> <p>NOTE: It is <span style=""text-decoration: underline;"">not</span> a camera and does not capture photos or videos.</p></div>",,,,,,,,,,,,,
design_appearance,template,,radio,"<div class=""rich-text-field-label""><p><span style=""font-weight: normal;"">How attractive do you find the </span>overall design<span style=""font-weight: normal;""> and </span>look<span style=""font-weight: normal;""> of this light logger?</span></p></div>","1, Extremely unattractive | 2, Very unattractive | 3, Unattractive | 4, Neutral | 5, Attractive | 6, Very attractive | 7, Extremely attractive",,,,,,,y,,,,,
design_wearlikelihoodrating_public,template,,radio,"<div class=""rich-text-field-label""><p><span style=""font-weight: normal;"">What is the likelihood that you would choose to wear this light logger in a </span>public setting<span style=""font-weight: normal;"">?</span></p></div>","1, Extremely unlikely | 2, Very Unlikely | 3, Unlikely | 4, Neutral | 5, Likely | 6, Very likely | 7, Extremely likely",,,,,,,y,,,,,
design_wearlikelihoodrating_home,template,,radio,"<div class=""rich-text-field-label""><p><span style=""font-weight: normal;"">What is the likelihood that you would choose to wear this light logger </span>at home<span style=""font-weight: normal;"">?</span></p></div>","1, Extremely unlikely | 2, Very Unlikely | 3, Unlikely | 4, Neutral | 5, Likely | 6, Very likely | 7, Extremely likely",,,,,,,y,,,,,
design_wearlikelihoodrating_work,template,,radio,"<div class=""rich-text-field-label""><p><span style=""font-weight: normal;"">What is the likelihood that you would choose to wear this light logger </span>at work<span style=""font-weight: normal;"">?</span></p></div>","1, Extremely unlikely | 2, Very Unlikely | 3, Unlikely | 4, Neutral | 5, Likely | 6, Very likely | 7, Extremely likely",,,,,,,y,,,,,
design_wearlikelihoodrating_social,template,,radio,"<div class=""rich-text-field-label""><p><span style=""font-weight: normal;"">What is the likelihood that you would choose to wear this light logger </span>in social contexts<span style=""font-weight: normal;"">?</span></p></div>","1, Extremely unlikely | 2, Very Unlikely | 3, Unlikely | 4, Neutral | 5, Likely | 6, Very likely | 7, Extremely likely",,,,,,,y,,,,,
design_wearlikelihoodrating_exercise,template,,radio,"<div class=""rich-text-field-label""><p><span style=""font-weight: normal;"">What is the likelihood that you would choose to wear this light logger </span>during exercise<span style=""font-weight: normal;"">?</span></p></div>","1, Extremely unlikely | 2, Very Unlikely | 3, Unlikely | 4, Neutral | 5, Likely | 6, Very likely | 7, Extremely likely",,,,,,,y,,,,,
design_wearduration,template,,radio,"<div class=""rich-text-field-label""><p><span style=""font-weight: normal;"">How many hours could you imagine yourself wearing the light logger </span>during the day<span style=""font-weight: normal;"">?</span></p></div>","1, Not at all | 2, Up to 1 hour | 3, 1-3 hours | 4, 3-6 hours | 5, 6-8 hours | 6, 8-12 hours | 7, Throughout the day",,,,,,,y,,,,,
design_restrict,template,,radio,"<div class=""rich-text-field-label""><p><span style=""font-weight: normal;"">To what extent do you believe the light sensor would </span>restrict<span style=""font-weight: normal;""> your daily activities?</span></p></div>","1, Not at all | 2, Slightly | 3, Somewhat | 4, Moderately | 5, Quite a bit | 6, Significantly | 7, Extremely",,,,,,,y,,,,,
design_difficulty,template,,notes,"<div class=""rich-text-field-label""><p><span style=""font-weight: normal;"">In what situations or activities do you think wearing the light logger might be </span>difficult<span style=""font-weight: normal;"">?</span></p></div>",,,,,,,,y,,,,,
design_check,template,,text,"<div class=""rich-text-field-label""><p><span style=""font-weight: normal;"">Please describe, in your own words, the placement of the light logger in the body.</span></p></div>",,,,,,,,y,,,,,
design_info_wrist,wrist,,descriptive,"<div class=""rich-text-field-label""><p>Consider this design for a light logger.</p> <p>NOTE: It is <span style=""text-decoration: underline;"">not</span> a camera and does not capture photos or videos.</p></div>",,,,,,,,,,,,,
design_image_wrist,wrist,,descriptive,"<div class=""rich-text-field-label""><p><img src=""https://tuspl22-redcap.srv.mwn.de/redcap/redcap_v13.4.13/DataEntry/image_view.php?pid=309&id=6940&doc_id_hash=bbe29330357a925f1e43abd19d4160a9ac3da0f2"" alt="""" width=""500"" height=""496"" /></p></div>",,,,,,,,,,,,,
design_appearance_wrist,wrist,,radio,"<div class=""rich-text-field-label""><p><span style=""font-weight: normal;"">How attractive do you find the </span>overall design<span style=""font-weight: normal;""> and </span>look<span style=""font-weight: normal;""> of this light logger?</span></p></div>","1, Extremely unattractive | 2, Very unattractive | 3, Unattractive | 4, Neutral | 5, Attractive | 6, Very attractive | 7, Extremely attractive",,,,,,,y,,,,,
design_wearlikelihoodrating_public_wrist,wrist,,radio,"<div class=""rich-text-field-label""><p><span style=""font-weight: normal;"">What is the likelihood that you would choose to wear this light logger in a </span>public setting<span style=""font-weight: normal;"">?</span></p></div>","1, Extremely unlikely | 2, Very Unlikely | 3, Unlikely | 4, Neutral | 5, Likely | 6, Very likely | 7, Extremely likely",,,,,,,y,,,,,
design_wearlikelihoodrating_home_wrist,wrist,,radio,"<div class=""rich-text-field-label""><p><span style=""font-weight: normal;"">What is the likelihood that you would choose to wear this light logger </span>at home<span style=""font-weight: normal;"">?</span></p></div>","1, Extremely unlikely | 2, Very Unlikely | 3, Unlikely | 4, Neutral | 5, Likely | 6, Very likely | 7, Extremely likely",,,,,,,y,,,,,
design_wearlikelihoodrating_work_wrist,wrist,,radio,"<div class=""rich-text-field-label""><p><span style=""font-weight: normal;"">What is the likelihood that you would choose to wear this light logger </span>at work<span style=""font-weight: normal;"">?</span></p></div>","1, Extremely unlikely | 2, Very Unlikely | 3, Unlikely | 4, Neutral | 5, Likely | 6, Very likely | 7, Extremely likely",,,,,,,y,,,,,
design_wearlikelihoodrating_social_wrist,wrist,,radio,"<div class=""rich-text-field-label""><p><span style=""font-weight: normal;"">What is the likelihood that you would choose to wear this light logger </span>in social contexts<span style=""font-weight: normal;"">?</span></p></div>","1, Extremely unlikely | 2, Very Unlikely | 3, Unlikely | 4, Neutral | 5, Likely | 6, Very likely | 7, Extremely likely",,,,,,,y,,,,,
design_wearlikelihoodrating_exercise_wrist,wrist,,radio,"<div class=""rich-text-field-label""><p><span style=""font-weight: normal;"">What is the likelihood that you would choose to wear this light logger </span>during exercise<span style=""font-weight: normal;"">?</span></p></div>","1, Extremely unlikely | 2, Very Unlikely | 3, Unlikely | 4, Neutral | 5, Likely | 6, Very likely | 7, Extremely likely",,,,,,,y,,,,,
design_wearduration_wrist,wrist,,radio,"<div class=""rich-text-field-label""><p><span style=""font-weight: normal;"">How many hours could you imagine yourself wearing the light logger </span>during the day<span style=""font-weight: normal;"">?</span></p></div>","1, Not at all | 2, Up to 1 hour | 3, 1-3 hours | 4, 3-6 hours | 5, 6-8 hours | 6, 8-12 hours | 7, Throughout the day",,,,,,,y,,,,,
design_restrict_wrist,wrist,,radio,"<div class=""rich-text-field-label""><p><span style=""font-weight: normal;"">To what extent do you believe the light sensor would </span>restrict<span style=""font-weight: normal;""> your daily activities?</span></p></div>","1, Not at all | 2, Slightly | 3, Somewhat | 4, Moderately | 5, Quite a bit | 6, Significantly | 7, Extremely",,,,,,,y,,,,,
design_difficulty_wrist,wrist,,notes,"<div class=""rich-text-field-label""><p><span style=""font-weight: normal;"">In what situations or activities do you think wearing the light logger might be </span>difficult<span style=""font-weight: normal;"">?</span></p></div>",,,,,,,,y,,,,,
design_check_wrist,wrist,,text,"<div class=""rich-text-field-label""><p><span style=""font-weight: normal;"">Please describe, in your own words, the placement of the light logger in the body.</span></p></div>",,,,,,,,y,,,,,
design_info_collarpin,collar_pin,,descriptive,"<div class=""rich-text-field-label""><p>Consider this design for a light logger.</p> <p>NOTE: It is <span style=""text-decoration: underline;"">not</span> a camera and does not capture photos or videos.</p></div>",,,,,,,,,,,,,
design_image_collarpin,collar_pin,,descriptive,"<div class=""rich-text-field-label""><p><img src=""https://tuspl22-redcap.srv.mwn.de/redcap/redcap_v13.4.13/DataEntry/image_view.php?pid=309&id=6941&doc_id_hash=514a349afa1cde72236b9cc38d92feba342d2f18"" alt="""" width=""500"" height=""496"" /></p></div>",,,,,,,,,,,,,
design_appearance_collarpin,collar_pin,,radio,"<div class=""rich-text-field-label""><p><span style=""font-weight: normal;"">How attractive do you find the </span>overall design<span style=""font-weight: normal;""> and </span>look<span style=""font-weight: normal;""> of this light logger?</span></p></div>","1, Extremely unattractive | 2, Very unattractive | 3, Unattractive | 4, Neutral | 5, Attractive | 6, Very attractive | 7, Extremely attractive",,,,,,,y,,,,,
design_wearlikelihoodrating_public_collarpin,collar_pin,,radio,"<div class=""rich-text-field-label""><p><span style=""font-weight: normal;"">What is the likelihood that you would choose to wear this light logger in a </span>public setting<span style=""font-weight: normal;"">?</span></p></div>","1, Extremely unlikely | 2, Very Unlikely | 3, Unlikely | 4, Neutral | 5, Likely | 6, Very likely | 7, Extremely likely",,,,,,,y,,,,,
design_wearlikelihoodrating_home_collarpin,collar_pin,,radio,"<div class=""rich-text-field-label""><p><span style=""font-weight: normal;"">What is the likelihood that you would choose to wear this light logger </span>at home<span style=""font-weight: normal;"">?</span></p></div>","1, Extremely unlikely | 2, Very Unlikely | 3, Unlikely | 4, Neutral | 5, Likely | 6, Very likely | 7, Extremely likely",,,,,,,y,,,,,
design_wearlikelihoodrating_work_collarpin,collar_pin,,radio,"<div class=""rich-text-field-label""><p><span style=""font-weight: normal;"">What is the likelihood that you would choose to wear this light logger </span>at work<span style=""font-weight: normal;"">?</span></p></div>","1, Extremely unlikely | 2, Very Unlikely | 3, Unlikely | 4, Neutral | 5, Likely | 6, Very likely | 7, Extremely likely",,,,,,,y,,,,,
attentioncheck_02,collar_pin,,text,"We want to make sure you are paying attention. Please type in ""nineteen"" as a number.",,,integer,,,,,y,,,,,
design_wearlikelihoodrating_social_collarpin,collar_pin,,radio,"<div class=""rich-text-field-label""><p><span style=""font-weight: normal;"">What is the likelihood that you would choose to wear this light logger </span>in social contexts<span style=""font-weight: normal;"">?</span></p></div>","1, Extremely unlikely | 2, Very Unlikely | 3, Unlikely | 4, Neutral | 5, Likely | 6, Very likely | 7, Extremely likely",,,,,,,y,,,,,
design_wearlikelihoodrating_exercise_collarpin,collar_pin,,radio,"<div class=""rich-text-field-label""><p><span style=""font-weight: normal;"">What is the likelihood that you would choose to wear this light logger </span>during exercise<span style=""font-weight: normal;"">?</span></p></div>","1, Extremely unlikely | 2, Very Unlikely | 3, Unlikely | 4, Neutral | 5, Likely | 6, Very likely | 7, Extremely likely",,,,,,,y,,,,,
design_wearduration_collarpin,collar_pin,,radio,"<div class=""rich-text-field-label""><p><span style=""font-weight: normal;"">How many hours could you imagine yourself wearing the light logger </span>during the day<span style=""font-weight: normal;"">?</span></p></div>","1, Not at all | 2, Up to 1 hour | 3, 1-3 hours | 4, 3-6 hours | 5, 6-8 hours | 6, 8-12 hours | 7, Throughout the day",,,,,,,y,,,,,
design_restrict_collarpin,collar_pin,,radio,"<div class=""rich-text-field-label""><p><span style=""font-weight: normal;"">To what extent do you believe the light sensor would </span>restrict<span style=""font-weight: normal;""> your daily activities?</span></p></div>","1, Not at all | 2, Slightly | 3, Somewhat | 4, Moderately | 5, Quite a bit | 6, Significantly | 7, Extremely",,,,,,,y,,,,,
design_difficulty_collarpin,collar_pin,,notes,"<div class=""rich-text-field-label""><p><span style=""font-weight: normal;"">In what situations or activities do you think wearing the light logger might be </span>difficult<span style=""font-weight: normal;"">?</span></p></div>",,,,,,,,y,,,,,
design_check_collarpin,collar_pin,,text,"<div class=""rich-text-field-label""><p><span style=""font-weight: normal;"">Please describe, in your own words, the placement of the light logger in the body.</span></p></div>",,,,,,,,y,,,,,
design_info_glasses,glasses,,descriptive,"<div class=""rich-text-field-label""><p>Consider this design for a light logger.</p> <p>NOTE: It is <span style=""text-decoration: underline;"">not</span> a camera and does not capture photos or videos.</p></div>",,,,,,,,,,,,,
design_image_glasses,glasses,,descriptive,"<div class=""rich-text-field-label""><p><img src=""https://tuspl22-redcap.srv.mwn.de/redcap/redcap_v13.4.13/DataEntry/image_view.php?pid=309&id=6942&doc_id_hash=f22d4b7d044d1fbbe098b86876f9d0afeca4fc82"" alt="""" width=""500"" height=""496"" /></p></div>",,,,,,,,,,,,,
design_appearance_glasses,glasses,,radio,"<div class=""rich-text-field-label""><p><span style=""font-weight: normal;"">How attractive do you find the </span>overall design<span style=""font-weight: normal;""> and </span>look<span style=""font-weight: normal;""> of this light logger?</span></p></div>","1, Extremely unattractive | 2, Very unattractive | 3, Unattractive | 4, Neutral | 5, Attractive | 6, Very attractive | 7, Extremely attractive",,,,,,,y,,,,,
design_wearlikelihoodrating_public_glasses,glasses,,radio,"<div class=""rich-text-field-label""><p><span style=""font-weight: normal;"">What is the likelihood that you would choose to wear this light logger in a </span>public setting<span style=""font-weight: normal;"">?</span></p></div>","1, Extremely unlikely | 2, Very Unlikely | 3, Unlikely | 4, Neutral | 5, Likely | 6, Very likely | 7, Extremely likely",,,,,,,y,,,,,
design_wearlikelihoodrating_home_glasses,glasses,,radio,"<div class=""rich-text-field-label""><p><span style=""font-weight: normal;"">What is the likelihood that you would choose to wear this light logger </span>at home<span style=""font-weight: normal;"">?</span></p></div>","1, Extremely unlikely | 2, Very Unlikely | 3, Unlikely | 4, Neutral | 5, Likely | 6, Very likely | 7, Extremely likely",,,,,,,y,,,,,
design_wearlikelihoodrating_work_glasses,glasses,,radio,"<div class=""rich-text-field-label""><p><span style=""font-weight: normal;"">What is the likelihood that you would choose to wear this light logger </span>at work<span style=""font-weight: normal;"">?</span></p></div>","1, Extremely unlikely | 2, Very Unlikely | 3, Unlikely | 4, Neutral | 5, Likely | 6, Very likely | 7, Extremely likely",,,,,,,y,,,,,
design_wearlikelihoodrating_social_glasses,glasses,,radio,"<div class=""rich-text-field-label""><p><span style=""font-weight: normal;"">What is the likelihood that you would choose to wear this light logger </span>in social contexts<span style=""font-weight: normal;"">?</span></p></div>","1, Extremely unlikely | 2, Very Unlikely | 3, Unlikely | 4, Neutral | 5, Likely | 6, Very likely | 7, Extremely likely",,,,,,,y,,,,,
design_wearlikelihoodrating_exercise_glasses,glasses,,radio,"<div class=""rich-text-field-label""><p><span style=""font-weight: normal;"">What is the likelihood that you would choose to wear this light logger </span>during exercise<span style=""font-weight: normal;"">?</span></p></div>","1, Extremely unlikely | 2, Very Unlikely | 3, Unlikely | 4, Neutral | 5, Likely | 6, Very likely | 7, Extremely likely",,,,,,,y,,,,,
design_wearduration_glasses,glasses,,radio,"<div class=""rich-text-field-label""><p><span style=""font-weight: normal;"">How many hours could you imagine yourself wearing the light logger </span>during the day<span style=""font-weight: normal;"">?</span></p></div>","1, Not at all | 2, Up to 1 hour | 3, 1-3 hours | 4, 3-6 hours | 5, 6-8 hours | 6, 8-12 hours | 7, Throughout the day",,,,,,,y,,,,,
design_restrict_glasses,glasses,,radio,"<div class=""rich-text-field-label""><p><span style=""font-weight: normal;"">To what extent do you believe the light sensor would </span>restrict<span style=""font-weight: normal;""> your daily activities?</span></p></div>","1, Not at all | 2, Slightly | 3, Somewhat | 4, Moderately | 5, Quite a bit | 6, Significantly | 7, Extremely",,,,,,,y,,,,,
design_difficulty_glasses,glasses,,notes,"<div class=""rich-text-field-label""><p><span style=""font-weight: normal;"">In what situations or activities do you think wearing the light logger might be </span>difficult<span style=""font-weight: normal;"">?</span></p></div>",,,,,,,,y,,,,,
design_check_glasses,glasses,,text,"<div class=""rich-text-field-label""><p><span style=""font-weight: normal;"">Please describe, in your own words, the placement of the light logger in the body.</span></p></div>",,,,,,,,y,,,,,
design_info_glasses_hatpin,hat_pin,,descriptive,"<div class=""rich-text-field-label""><p>Consider this design for a light logger.</p> <p>NOTE: It is <span style=""text-decoration: underline;"">not</span> a camera and does not capture photos or videos.</p></div>",,,,,,,,,,,,,
design_image_glasses_hatpin,hat_pin,,descriptive,"<div class=""rich-text-field-label""><p><img src=""https://tuspl22-redcap.srv.mwn.de/redcap/redcap_v13.4.13/DataEntry/image_view.php?pid=309&id=6943&doc_id_hash=72fddf4e5fc2755460b37012bfc959a8a5744c9f"" alt="""" width=""500"" height=""496"" /></p></div>",,,,,,,,,,,,,
design_appearance_glasses_hatpin,hat_pin,,radio,"<div class=""rich-text-field-label""><p><span style=""font-weight: normal;"">How attractive do you find the </span>overall design<span style=""font-weight: normal;""> and </span>look<span style=""font-weight: normal;""> of this light logger?</span></p></div>","1, Extremely unattractive | 2, Very unattractive | 3, Unattractive | 4, Neutral | 5, Attractive | 6, Very attractive | 7, Extremely attractive",,,,,,,y,,,,,
design_wearlikelihoodrating_public_glasses_hatpin,hat_pin,,radio,"<div class=""rich-text-field-label""><p><span style=""font-weight: normal;"">What is the likelihood that you would choose to wear this light logger in a </span>public setting<span style=""font-weight: normal;"">?</span></p></div>","1, Extremely unlikely | 2, Very Unlikely | 3, Unlikely | 4, Neutral | 5, Likely | 6, Very likely | 7, Extremely likely",,,,,,,y,,,,,
attentioncheck_03,hat_pin,,radio,"<div class=""rich-text-field-label""><p style=""text-align: justify;"">We want to make sure you are paying attention. Please tick the answer ""Often"".</p></div>","1, Never | 2, Rarely | 3, Sometimes | 4, Often | 5, Always",,,,,,,y,,,,,
design_wearlikelihoodrating_home_glasses_hatpin,hat_pin,,radio,"<div class=""rich-text-field-label""><p><span style=""font-weight: normal;"">What is the likelihood that you would choose to wear this light logger </span>at home<span style=""font-weight: normal;"">?</span></p></div>","1, Extremely unlikely | 2, Very Unlikely | 3, Unlikely | 4, Neutral | 5, Likely | 6, Very likely | 7, Extremely likely",,,,,,,y,,,,,
design_wearlikelihoodrating_work_glasses_hatpin,hat_pin,,radio,"<div class=""rich-text-field-label""><p><span style=""font-weight: normal;"">What is the likelihood that you would choose to wear this light logger </span>at work<span style=""font-weight: normal;"">?</span></p></div>","1, Extremely unlikely | 2, Very Unlikely | 3, Unlikely | 4, Neutral | 5, Likely | 6, Very likely | 7, Extremely likely",,,,,,,y,,,,,
design_wearlikelihoodrating_social_glasses_hatpin,hat_pin,,radio,"<div class=""rich-text-field-label""><p><span style=""font-weight: normal;"">What is the likelihood that you would choose to wear this light logger </span>in social contexts<span style=""font-weight: normal;"">?</span></p></div>","1, Extremely unlikely | 2, Very Unlikely | 3, Unlikely | 4, Neutral | 5, Likely | 6, Very likely | 7, Extremely likely",,,,,,,y,,,,,
design_wearlikelihoodrating_exercise_glasses_hatpin,hat_pin,,radio,"<div class=""rich-text-field-label""><p><span style=""font-weight: normal;"">What is the likelihood that you would choose to wear this light logger </span>during exercise<span style=""font-weight: normal;"">?</span></p></div>","1, Extremely unlikely | 2, Very Unlikely | 3, Unlikely | 4, Neutral | 5, Likely | 6, Very likely | 7, Extremely likely",,,,,,,y,,,,,
design_wearduration_glasses_hatpin,hat_pin,,radio,"<div class=""rich-text-field-label""><p><span style=""font-weight: normal;"">How many hours could you imagine yourself wearing the light logger </span>during the day<span style=""font-weight: normal;"">?</span></p></div>","1, Not at all | 2, Up to 1 hour | 3, 1-3 hours | 4, 3-6 hours | 5, 6-8 hours | 6, 8-12 hours | 7, Throughout the day",,,,,,,y,,,,,
design_restrict_glasses_hatpin,hat_pin,,radio,"<div class=""rich-text-field-label""><p><span style=""font-weight: normal;"">To what extent do you believe the light sensor would </span>restrict<span style=""font-weight: normal;""> your daily activities?</span></p></div>","1, Not at all | 2, Slightly | 3, Somewhat | 4, Moderately | 5, Quite a bit | 6, Significantly | 7, Extremely",,,,,,,y,,,,,
design_difficulty_glasses_hatpin,hat_pin,,notes,"<div class=""rich-text-field-label""><p><span style=""font-weight: normal;"">In what situations or activities do you think wearing the light logger might be </span>difficult<span style=""font-weight: normal;"">?</span></p></div>",,,,,,,,y,,,,,
design_check_glasses_hatpin,hat_pin,,text,"<div class=""rich-text-field-label""><p><span style=""font-weight: normal;"">Please describe, in your own words, the placement of the light logger in the body.</span></p></div>",,,,,,,,y,,,,,
design_info_neckloop,neck_loop,,descriptive,"<div class=""rich-text-field-label""><p>Consider this design for a light logger.</p> <p>NOTE: It is <span style=""text-decoration: underline;"">not</span> a camera and does not capture photos or videos.</p></div>",,,,,,,,,,,,,
design_image_neckloop,neck_loop,,descriptive,"<div class=""rich-text-field-label""><p><img src=""https://tuspl22-redcap.srv.mwn.de/redcap/redcap_v13.4.13/DataEntry/image_view.php?pid=309&id=6944&doc_id_hash=e5e0495ba3bc040bb2e4d3eddebb336b63bc3a94"" alt="""" width=""500"" height=""496"" /></p></div>",,,,,,,,,,,,,
design_appearance_neckloop,neck_loop,,radio,"<div class=""rich-text-field-label""><p><span style=""font-weight: normal;"">How attractive do you find the </span>overall design<span style=""font-weight: normal;""> and </span>look<span style=""font-weight: normal;""> of this light logger?</span></p></div>","1, Extremely unattractive | 2, Very unattractive | 3, Unattractive | 4, Neutral | 5, Attractive | 6, Very attractive | 7, Extremely attractive",,,,,,,y,,,,,
design_wearlikelihoodrating_public_neckloop,neck_loop,,radio,"<div class=""rich-text-field-label""><p><span style=""font-weight: normal;"">What is the likelihood that you would choose to wear this light logger in a </span>public setting<span style=""font-weight: normal;"">?</span></p></div>","1, Extremely unlikely | 2, Very Unlikely | 3, Unlikely | 4, Neutral | 5, Likely | 6, Very likely | 7, Extremely likely",,,,,,,y,,,,,
design_wearlikelihoodrating_home_neckloop,neck_loop,,radio,"<div class=""rich-text-field-label""><p><span style=""font-weight: normal;"">What is the likelihood that you would choose to wear this light logger </span>at home<span style=""font-weight: normal;"">?</span></p></div>","1, Extremely unlikely | 2, Very Unlikely | 3, Unlikely | 4, Neutral | 5, Likely | 6, Very likely | 7, Extremely likely",,,,,,,y,,,,,
design_wearlikelihoodrating_work_neckloop,neck_loop,,radio,"<div class=""rich-text-field-label""><p><span style=""font-weight: normal;"">What is the likelihood that you would choose to wear this light logger </span>at work<span style=""font-weight: normal;"">?</span></p></div>","1, Extremely unlikely | 2, Very Unlikely | 3, Unlikely | 4, Neutral | 5, Likely | 6, Very likely | 7, Extremely likely",,,,,,,y,,,,,
design_wearlikelihoodrating_social_neckloop,neck_loop,,radio,"<div class=""rich-text-field-label""><p><span style=""font-weight: normal;"">What is the likelihood that you would choose to wear this light logger </span>in social contexts<span style=""font-weight: normal;"">?</span></p></div>","1, Extremely unlikely | 2, Very Unlikely | 3, Unlikely | 4, Neutral | 5, Likely | 6, Very likely | 7, Extremely likely",,,,,,,y,,,,,
design_wearlikelihoodrating_exercise_neckloop,neck_loop,,radio,"<div class=""rich-text-field-label""><p><span style=""font-weight: normal;"">What is the likelihood that you would choose to wear this light logger </span>during exercise<span style=""font-weight: normal;"">?</span></p></div>","1, Extremely unlikely | 2, Very Unlikely | 3, Unlikely | 4, Neutral | 5, Likely | 6, Very likely | 7, Extremely likely",,,,,,,y,,,,,
design_wearduration_neckloop,neck_loop,,radio,"<div class=""rich-text-field-label""><p><span style=""font-weight: normal;"">How many hours could you imagine yourself wearing the light logger </span>during the day<span style=""font-weight: normal;"">?</span></p></div>","1, Not at all | 2, Up to 1 hour | 3, 1-3 hours | 4, 3-6 hours | 5, 6-8 hours | 6, 8-12 hours | 7, Throughout the day",,,,,,,y,,,,,
design_restrict_neckloop,neck_loop,,radio,"<div class=""rich-text-field-label""><p><span style=""font-weight: normal;"">To what extent do you believe the light sensor would </span>restrict<span style=""font-weight: normal;""> your daily activities?</span></p></div>","1, Not at all | 2, Slightly | 3, Somewhat | 4, Moderately | 5, Quite a bit | 6, Significantly | 7, Extremely",,,,,,,y,,,,,
design_difficulty_neckloop,neck_loop,,notes,"<div class=""rich-text-field-label""><p><span style=""font-weight: normal;"">In what situations or activities do you think wearing the light logger might be </span>difficult<span style=""font-weight: normal;"">?</span></p></div>",,,,,,,,y,,,,,
design_check_neckloop,neck_loop,,text,"<div class=""rich-text-field-label""><p><span style=""font-weight: normal;"">Please describe, in your own words, the placement of the light logger in the body.</span></p></div>",,,,,,,,y,,,,,
design_info_chestpin,chest_pin,,descriptive,"<div class=""rich-text-field-label""><p>Consider this design for a light logger.</p> <p>NOTE: It is <span style=""text-decoration: underline;"">not</span> a camera and does not capture photos or videos.</p></div>",,,,,,,,,,,,,
design_image_chestpin,chest_pin,,descriptive,"<div class=""rich-text-field-label""><p><img src=""https://tuspl22-redcap.srv.mwn.de/redcap/redcap_v13.4.13/DataEntry/image_view.php?pid=309&id=6939&doc_id_hash=03ca54e0a8e64b03ec2613e2928390ac1be5eaf4"" alt="""" width=""500"" height=""496"" /></p></div>",,,,,,,,,,,,,
design_appearance_chestpin,chest_pin,,radio,"<div class=""rich-text-field-label""><p><span style=""font-weight: normal;"">How attractive do you find the </span>overall design<span style=""font-weight: normal;""> and </span>look<span style=""font-weight: normal;""> of this light logger?</span></p></div>","1, Extremely unattractive | 2, Very unattractive | 3, Unattractive | 4, Neutral | 5, Attractive | 6, Very attractive | 7, Extremely attractive",,,,,,,y,,,,,
design_wearlikelihoodrating_public_chestpin,chest_pin,,radio,"<div class=""rich-text-field-label""><p><span style=""font-weight: normal;"">What is the likelihood that you would choose to wear this light logger in a </span>public setting<span style=""font-weight: normal;"">?</span></p></div>","1, Extremely unlikely | 2, Very Unlikely | 3, Unlikely | 4, Neutral | 5, Likely | 6, Very likely | 7, Extremely likely",,,,,,,y,,,,,
design_wearlikelihoodrating_home_chestpin,chest_pin,,radio,"<div class=""rich-text-field-label""><p><span style=""font-weight: normal;"">What is the likelihood that you would choose to wear this light logger </span>at home<span style=""font-weight: normal;"">?</span></p></div>","1, Extremely unlikely | 2, Very Unlikely | 3, Unlikely | 4, Neutral | 5, Likely | 6, Very likely | 7, Extremely likely",,,,,,,y,,,,,
design_wearlikelihoodrating_work_chestpin,chest_pin,,radio,"<div class=""rich-text-field-label""><p><span style=""font-weight: normal;"">What is the likelihood that you would choose to wear this light logger </span>at work<span style=""font-weight: normal;"">?</span></p></div>","1, Extremely unlikely | 2, Very Unlikely | 3, Unlikely | 4, Neutral | 5, Likely | 6, Very likely | 7, Extremely likely",,,,,,,y,,,,,
design_wearlikelihoodrating_social_chestpin,chest_pin,,radio,"<div class=""rich-text-field-label""><p><span style=""font-weight: normal;"">What is the likelihood that you would choose to wear this light logger </span>in social contexts<span style=""font-weight: normal;"">?</span></p></div>","1, Extremely unlikely | 2, Very Unlikely | 3, Unlikely | 4, Neutral | 5, Likely | 6, Very likely | 7, Extremely likely",,,,,,,y,,,,,
design_wearlikelihoodrating_exercise_chestpin,chest_pin,,radio,"<div class=""rich-text-field-label""><p><span style=""font-weight: normal;"">What is the likelihood that you would choose to wear this light logger </span>during exercise<span style=""font-weight: normal;"">?</span></p></div>","1, Extremely unlikely | 2, Very Unlikely | 3, Unlikely | 4, Neutral | 5, Likely | 6, Very likely | 7, Extremely likely",,,,,,,y,,,,,
design_wearduration_chestpin,chest_pin,,radio,"<div class=""rich-text-field-label""><p><span style=""font-weight: normal;"">How many hours could you imagine yourself wearing the light logger </span>during the day<span style=""font-weight: normal;"">?</span></p></div>","1, Not at all | 2, Up to 1 hour | 3, 1-3 hours | 4, 3-6 hours | 5, 6-8 hours | 6, 8-12 hours | 7, Throughout the day",,,,,,,y,,,,,
design_restrict_chestpin,chest_pin,,radio,"<div class=""rich-text-field-label""><p><span style=""font-weight: normal;"">To what extent do you believe the light sensor would </span>restrict<span style=""font-weight: normal;""> your daily activities?</span></p></div>","1, Not at all | 2, Slightly | 3, Somewhat | 4, Moderately | 5, Quite a bit | 6, Significantly | 7, Extremely",,,,,,,y,,,,,
design_difficulty_chestpin,chest_pin,,notes,"<div class=""rich-text-field-label""><p><span style=""font-weight: normal;"">In what situations or activities do you think wearing the light logger might be </span>difficult<span style=""font-weight: normal;"">?</span></p></div>",,,,,,,,y,,,,,
design_check_chestpin,chest_pin,,text,"<div class=""rich-text-field-label""><p><span style=""font-weight: normal;"">Please describe, in your own words, the placement of the light logger in the body.</span></p></div>",,,,,,,,y,,,,,
design_info_necklace,necklace,,descriptive,"<div class=""rich-text-field-label""><p>Consider this design for a light logger.</p> <p>NOTE: It is <span style=""text-decoration: underline;"">not</span> a camera and does not capture photos or videos.</p></div>",,,,,,,,,,,,,
design_image_necklace,necklace,,descriptive,"<div class=""rich-text-field-label""><p><img src=""https://tuspl22-redcap.srv.mwn.de/redcap/redcap_v13.4.13/DataEntry/image_view.php?pid=309&id=6945&doc_id_hash=7e4c009eb8d75c106eab9ba291080531f6817bda"" alt="""" width=""500"" height=""496"" /></p></div>",,,,,,,,,,,,,
design_appearance_necklace,necklace,,radio,"<div class=""rich-text-field-label""><p><span style=""font-weight: normal;"">How attractive do you find the </span>overall design<span style=""font-weight: normal;""> and </span>look<span style=""font-weight: normal;""> of this light logger?</span></p></div>","1, Extremely unattractive | 2, Very unattractive | 3, Unattractive | 4, Neutral | 5, Attractive | 6, Very attractive | 7, Extremely attractive",,,,,,,y,,,,,
design_wearlikelihoodrating_public_necklace,necklace,,radio,"<div class=""rich-text-field-label""><p><span style=""font-weight: normal;"">What is the likelihood that you would choose to wear this light logger in a </span>public setting<span style=""font-weight: normal;"">?</span></p></div>","1, Extremely unlikely | 2, Very Unlikely | 3, Unlikely | 4, Neutral | 5, Likely | 6, Very likely | 7, Extremely likely",,,,,,,y,,,,,
design_wearlikelihoodrating_home_necklace,necklace,,radio,"<div class=""rich-text-field-label""><p><span style=""font-weight: normal;"">What is the likelihood that you would choose to wear this light logger </span>at home<span style=""font-weight: normal;"">?</span></p></div>","1, Extremely unlikely | 2, Very Unlikely | 3, Unlikely | 4, Neutral | 5, Likely | 6, Very likely | 7, Extremely likely",,,,,,,y,,,,,
design_wearlikelihoodrating_work_necklace,necklace,,radio,"<div class=""rich-text-field-label""><p><span style=""font-weight: normal;"">What is the likelihood that you would choose to wear this light logger </span>at work<span style=""font-weight: normal;"">?</span></p></div>","1, Extremely unlikely | 2, Very Unlikely | 3, Unlikely | 4, Neutral | 5, Likely | 6, Very likely | 7, Extremely likely",,,,,,,y,,,,,
design_wearlikelihoodrating_social_necklace,necklace,,radio,"<div class=""rich-text-field-label""><p><span style=""font-weight: normal;"">What is the likelihood that you would choose to wear this light logger </span>in social contexts<span style=""font-weight: normal;"">?</span></p></div>","1, Extremely unlikely | 2, Very Unlikely | 3, Unlikely | 4, Neutral | 5, Likely | 6, Very likely | 7, Extremely likely",,,,,,,y,,,,,
design_wearlikelihoodrating_exercise_necklace,necklace,,radio,"<div class=""rich-text-field-label""><p><span style=""font-weight: normal;"">What is the likelihood that you would choose to wear this light logger </span>during exercise<span style=""font-weight: normal;"">?</span></p></div>","1, Extremely unlikely | 2, Very Unlikely | 3, Unlikely | 4, Neutral | 5, Likely | 6, Very likely | 7, Extremely likely",,,,,,,y,,,,,
design_wearduration_necklace,necklace,,radio,"<div class=""rich-text-field-label""><p><span style=""font-weight: normal;"">How many hours could you imagine yourself wearing the light logger </span>during the day<span style=""font-weight: normal;"">?</span></p></div>","1, Not at all | 2, Up to 1 hour | 3, 1-3 hours | 4, 3-6 hours | 5, 6-8 hours | 6, 8-12 hours | 7, Throughout the day",,,,,,,y,,,,,
design_restrict_necklace,necklace,,radio,"<div class=""rich-text-field-label""><p><span style=""font-weight: normal;"">To what extent do you believe the light sensor would </span>restrict<span style=""font-weight: normal;""> your daily activities?</span></p></div>","1, Not at all | 2, Slightly | 3, Somewhat | 4, Moderately | 5, Quite a bit | 6, Significantly | 7, Extremely",,,,,,,y,,,,,
design_difficulty_necklace,necklace,,notes,"<div class=""rich-text-field-label""><p><span style=""font-weight: normal;"">In what situations or activities do you think wearing the light logger might be </span>difficult<span style=""font-weight: normal;"">?</span></p></div>",,,,,,,,y,,,,,
design_check_necklace,necklace,,text,"<div class=""rich-text-field-label""><p><span style=""font-weight: normal;"">Please describe, in your own words, the placement of the light logger in the body.</span></p></div>",,,,,,,,y,,,,,
design_info_sleevecollar,sleeve_collar,,descriptive,"<div class=""rich-text-field-label""><p>Consider this design for a light logger.</p> <p>NOTE: It is <span style=""text-decoration: underline;"">not</span> a camera and does not capture photos or videos.</p></div>",,,,,,,,,,,,,
design_image_sleevecollar,sleeve_collar,,descriptive,"<div class=""rich-text-field-label""><p><img src=""https://tuspl22-redcap.srv.mwn.de/redcap/redcap_v13.4.13/DataEntry/image_view.php?pid=309&id=6946&doc_id_hash=b07462f80c595ef4e43f5b2038603a77d79f198d"" alt="""" width=""500"" height=""496"" /></p></div>",,,,,,,,,,,,,
design_appearance_sleevecollar,sleeve_collar,,radio,"<div class=""rich-text-field-label""><p><span style=""font-weight: normal;"">How attractive do you find the </span>overall design<span style=""font-weight: normal;""> and </span>look<span style=""font-weight: normal;""> of this light logger?</span></p></div>","1, Extremely unattractive | 2, Very unattractive | 3, Unattractive | 4, Neutral | 5, Attractive | 6, Very attractive | 7, Extremely attractive",,,,,,,y,,,,,
design_wearlikelihoodrating_public_sleevecollar,sleeve_collar,,radio,"<div class=""rich-text-field-label""><p><span style=""font-weight: normal;"">What is the likelihood that you would choose to wear this light logger in a </span>public setting<span style=""font-weight: normal;"">?</span></p></div>","1, Extremely unlikely | 2, Very Unlikely | 3, Unlikely | 4, Neutral | 5, Likely | 6, Very likely | 7, Extremely likely",,,,,,,y,,,,,
design_wearlikelihoodrating_home_sleevecollar,sleeve_collar,,radio,"<div class=""rich-text-field-label""><p><span style=""font-weight: normal;"">What is the likelihood that you would choose to wear this light logger </span>at home<span style=""font-weight: normal;"">?</span></p></div>","1, Extremely unlikely | 2, Very Unlikely | 3, Unlikely | 4, Neutral | 5, Likely | 6, Very likely | 7, Extremely likely",,,,,,,y,,,,,
design_wearlikelihoodrating_work_sleevecollar,sleeve_collar,,radio,"<div class=""rich-text-field-label""><p><span style=""font-weight: normal;"">What is the likelihood that you would choose to wear this light logger </span>at work<span style=""font-weight: normal;"">?</span></p></div>","1, Extremely unlikely | 2, Very Unlikely | 3, Unlikely | 4, Neutral | 5, Likely | 6, Very likely | 7, Extremely likely",,,,,,,y,,,,,
design_wearlikelihoodrating_social_sleevecollar,sleeve_collar,,radio,"<div class=""rich-text-field-label""><p><span style=""font-weight: normal;"">What is the likelihood that you would choose to wear this light logger </span>in social contexts<span style=""font-weight: normal;"">?</span></p></div>","1, Extremely unlikely | 2, Very Unlikely | 3, Unlikely | 4, Neutral | 5, Likely | 6, Very likely | 7, Extremely likely",,,,,,,y,,,,,
design_wearlikelihoodrating_exercise_sleevecollar,sleeve_collar,,radio,"<div class=""rich-text-field-label""><p><span style=""font-weight: normal;"">What is the likelihood that you would choose to wear this light logger </span>during exercise<span style=""font-weight: normal;"">?</span></p></div>","1, Extremely unlikely | 2, Very Unlikely | 3, Unlikely | 4, Neutral | 5, Likely | 6, Very likely | 7, Extremely likely",,,,,,,y,,,,,
design_wearduration_sleevecollar,sleeve_collar,,radio,"<div class=""rich-text-field-label""><p><span style=""font-weight: normal;"">How many hours could you imagine yourself wearing the light logger </span>during the day<span style=""font-weight: normal;"">?</span></p></div>","1, Not at all | 2, Up to 1 hour | 3, 1-3 hours | 4, 3-6 hours | 5, 6-8 hours | 6, 8-12 hours | 7, Throughout the day",,,,,,,y,,,,,
design_restrict_sleevecollar,sleeve_collar,,radio,"<div class=""rich-text-field-label""><p><span style=""font-weight: normal;"">To what extent do you believe the light sensor would </span>restrict<span style=""font-weight: normal;""> your daily activities?</span></p></div>","1, Not at all | 2, Slightly | 3, Somewhat | 4, Moderately | 5, Quite a bit | 6, Significantly | 7, Extremely",,,,,,,y,,,,,
design_difficulty_sleevecollar,sleeve_collar,,notes,"<div class=""rich-text-field-label""><p><span style=""font-weight: normal;"">In what situations or activities do you think wearing the light logger might be </span>difficult<span style=""font-weight: normal;"">?</span></p></div>",,,,,,,,y,,,,,
design_check_sleevecollar,sleeve_collar,,text,"<div class=""rich-text-field-label""><p><span style=""font-weight: normal;"">Please describe, in your own words, the placement of the light logger in the body.</span></p></div>",,,,,,,,y,,,,,
design_openended,other_designs,,notes,"<div class=""rich-text-field-label""><p>Can you envision and elaborate on alternative designs for light loggers, specifically focused on enabling continuous wear?</p></div>",,,,,,,,y,,,,,
design_feedback,other_designs,,notes,"<div class=""rich-text-field-label""><p>Do you have any other comments on this survey?</p></div>",,,,,,,,y,,,,,
prolific_redirect,completion_screen,,descriptive,"<div class=""rich-text-field-label""><p><span style=""font-weight: normal;"">Thank you for your time. </span><br /><br /><span style=""font-weight: normal;"">To receive credit on Prolific, you must now click </span><a href=""https://app.prolific.com/submissions/complete?cc=C55Y9YPJ"" target=""_blank"" rel=""noopener"">here</a><span style=""font-weight: normal;"">.</span></p></div>",,,,,,,,,,,,,
